person_id,PUMA,TRACT,household_id,per_num,age,SCH,SCHG,sex,INDP,OCCP,FDPHYP,COW,WKHP,ESR,perid,ptype,pstudent,pemploy,TAZ,age_16_to_19,age_16_p,adult,male,female,has_non_worker,has_retiree,has_preschool_kid,has_driving_kid,has_school_kid,has_full_time,has_part_time,has_university,student_is_employed,nonstudent_to_school,is_student,is_gradeschool,is_highschool,is_university,school_segment,is_worker,home_taz,value_of_time,school_taz,distance_to_school,roundtrip_auto_time_to_school,workplace_taz,distance_to_work,workplace_in_cbd,work_taz_area_type,roundtrip_auto_time_to_work,work_auto_savings,work_auto_savings_ratio,free_parking_at_work,cdap_activity,cdap_rank,travel_active,under16_not_at_school,has_preschool_kid_at_home,has_school_kid_at_home,mandatory_tour_frequency,work_and_school_and_worker,work_and_school_and_student,num_mand,num_work_tours,num_joint_tours,non_mandatory_tour_frequency,num_non_mand,num_escort_tours,num_eatout_tours,num_shop_tours,num_maint_tours,num_discr_tours,num_social_tours,num_non_escort_tours,longitude,latitude
2042349,49003,49049001702,692782,4,15,2,12,1,NA,NA,0,NA,NA,NA,2042349,7,1,4,2377,FALSE,FALSE,FALSE,TRUE,FALSE,FALSE,FALSE,FALSE,FALSE,FALSE,TRUE,TRUE,FALSE,FALSE,FALSE,TRUE,FALSE,TRUE,FALSE,2,FALSE,2377,1.224983969338147,2352,2.56,13.969999,-1,NA,FALSE,NA,0,0,0,FALSE,M,3,TRUE,FALSE,FALSE,FALSE,school1,FALSE,FALSE,1,0,0,0,0,0,0,0,0,0,0,0,-111.6595604,40.25334354
2030457,49003,49049001601,688897,1,22,3,15,1,7870,725,0,1,NA,6,2030457,3,2,3,2356,FALSE,TRUE,TRUE,TRUE,FALSE,FALSE,FALSE,FALSE,FALSE,FALSE,FALSE,TRUE,TRUE,FALSE,FALSE,TRUE,FALSE,FALSE,TRUE,3,FALSE,2356,5.607621260735664,2370,1.02,6.74,-1,NA,FALSE,NA,0,0,0,FALSE,M,2,TRUE,FALSE,FALSE,FALSE,school1,FALSE,FALSE,1,0,0,0,0,0,0,0,0,0,0,0,-111.6544658,40.29525587
2120660,49003,49049002801,716538,2,57,1,NA,1,7970,3060,0,7,40,1,2120660,1,3,1,2443,FALSE,TRUE,TRUE,TRUE,FALSE,FALSE,FALSE,FALSE,FALSE,TRUE,TRUE,TRUE,TRUE,FALSE,FALSE,FALSE,FALSE,FALSE,FALSE,0,TRUE,2443,1.9420169215684642,-1,NA,0,2450,0.73,FALSE,4,4.7,-4.2121997,-0.035101663,TRUE,M,2,TRUE,FALSE,FALSE,FALSE,work1,FALSE,FALSE,1,1,0,0,0,0,0,0,0,0,0,0,-111.6774456,40.22179983
2081943,49003,49049002204,704999,3,30,1,NA,2,7860,2540,0,3,NA,3,2081943,4,3,3,2412,FALSE,TRUE,TRUE,FALSE,TRUE,TRUE,FALSE,FALSE,TRUE,FALSE,FALSE,TRUE,FALSE,FALSE,FALSE,FALSE,FALSE,FALSE,FALSE,0,FALSE,2412,1.8186252818593316,-1,NA,0,-1,NA,FALSE,NA,0,0,0,FALSE,N,4,TRUE,FALSE,FALSE,FALSE,NA,FALSE,FALSE,0,0,0,8,2,0,0,0,2,0,0,2,-111.6665453,40.24249099
2120972,49003,49049002801,716601,3,13,2,9,1,NA,NA,1,NA,NA,NA,2120972,7,1,4,2443,FALSE,FALSE,FALSE,TRUE,FALSE,TRUE,FALSE,TRUE,FALSE,FALSE,TRUE,FALSE,TRUE,FALSE,FALSE,TRUE,TRUE,FALSE,FALSE,1,FALSE,2443,0.667,2430,0.96,5.84,-1,NA,FALSE,NA,0,0,0,FALSE,M,3,TRUE,FALSE,FALSE,FALSE,school1,FALSE,FALSE,1,0,0,0,0,0,0,0,0,0,0,0,-111.6736096,40.21911401
2066640,49003,49049002000,700476,3,15,3,12,1,NA,NA,0,NA,NA,NA,2066640,7,1,4,2396,FALSE,FALSE,FALSE,TRUE,FALSE,FALSE,FALSE,FALSE,TRUE,FALSE,TRUE,FALSE,TRUE,FALSE,FALSE,TRUE,FALSE,TRUE,FALSE,2,FALSE,2396,2.832856528534335,2394,1.01,6.08,-1,NA,FALSE,NA,0,0,0,FALSE,M,1,TRUE,FALSE,FALSE,FALSE,school1,FALSE,FALSE,1,0,0,0,0,0,0,0,0,0,0,0,-111.655865,40.23492282
2101147,49003,49049002300,710247,2,29,1,NA,1,8180,20,1,1,40,1,2101147,1,3,1,2438,FALSE,TRUE,TRUE,TRUE,FALSE,FALSE,FALSE,TRUE,FALSE,FALSE,FALSE,TRUE,FALSE,FALSE,FALSE,FALSE,FALSE,FALSE,FALSE,0,TRUE,2438,14.714107334739724,-1,NA,0,2370,1.88,FALSE,4,11.809999,-10.948799,-0.091239996,FALSE,M,2,TRUE,FALSE,FALSE,FALSE,work1,FALSE,FALSE,1,1,0,0,0,0,0,0,0,0,0,0,-111.7136374,40.22639901
2095423,49003,49049002207,708604,5,9,2,5,2,NA,NA,0,NA,NA,NA,2095423,7,1,4,2431,FALSE,FALSE,FALSE,FALSE,TRUE,FALSE,FALSE,FALSE,TRUE,FALSE,TRUE,FALSE,FALSE,FALSE,FALSE,TRUE,TRUE,FALSE,FALSE,1,FALSE,2431,17.974463340629022,2378,1.94,10.97,-1,NA,FALSE,NA,0,0,0,FALSE,M,3,TRUE,FALSE,FALSE,FALSE,school1,FALSE,FALSE,1,0,0,0,0,0,0,0,0,0,0,0,-111.7049787,40.23531383
2078508,49003,49049002102,703953,1,37,1,NA,2,NA,NA,0,NA,NA,6,2078508,4,3,3,2391,FALSE,TRUE,TRUE,FALSE,TRUE,FALSE,FALSE,TRUE,TRUE,TRUE,FALSE,TRUE,TRUE,FALSE,FALSE,FALSE,FALSE,FALSE,FALSE,0,FALSE,2391,5.573418920464328,-1,NA,0,-1,NA,FALSE,NA,0,0,0,FALSE,N,5,TRUE,FALSE,TRUE,FALSE,NA,FALSE,FALSE,0,0,0,8,1,0,0,0,1,0,0,1,-111.6324581,40.24336782
2053556,49003,49049001801,695971,2,22,3,15,2,7870,1965,0,2,17,1,2053556,3,2,2,2375,FALSE,TRUE,TRUE,FALSE,TRUE,FALSE,FALSE,FALSE,FALSE,FALSE,FALSE,TRUE,TRUE,TRUE,FALSE,TRUE,FALSE,FALSE,TRUE,3,TRUE,2375,1.9130749366103026,2370,0.53,4.02,2370,0.53,FALSE,4,4.02,-3.578,-0.029816667,FALSE,M,1,TRUE,FALSE,FALSE,FALSE,work1,FALSE,FALSE,1,1,0,0,0,0,0,0,0,0,0,0,-111.6693066,40.25573903
2049073,49003,49049001801,694740,1,18,3,15,2,7870,4220,0,1,16,1,2049073,3,2,2,2374,TRUE,TRUE,TRUE,FALSE,TRUE,FALSE,FALSE,FALSE,FALSE,FALSE,TRUE,FALSE,TRUE,TRUE,FALSE,TRUE,FALSE,FALSE,TRUE,3,TRUE,2374,1.1609797997069475,2370,0.6,4.1099997,2370,0.6,FALSE,4,4.1099997,-3.6681998,-0.030568331,FALSE,M,1,TRUE,FALSE,FALSE,FALSE,work1,FALSE,FALSE,1,1,0,0,0,0,0,0,0,0,0,0,-111.6735184,40.25679155
2104259,49003,49049002500,711529,5,79,1,NA,1,NA,NA,0,NA,NA,6,2104259,5,3,3,2448,FALSE,TRUE,TRUE,TRUE,FALSE,FALSE,TRUE,FALSE,FALSE,FALSE,TRUE,TRUE,TRUE,FALSE,FALSE,FALSE,FALSE,FALSE,FALSE,0,FALSE,2448,12.516707109671485,-1,NA,0,-1,NA,FALSE,NA,0,0,0,FALSE,N,5,TRUE,FALSE,FALSE,FALSE,NA,FALSE,FALSE,0,0,0,8,1,0,0,0,1,0,0,1,-111.668465,40.23193882
2101633,49003,49049002400,710462,3,16,2,13,1,NA,NA,0,NA,NA,6,2101633,6,1,3,2382,TRUE,TRUE,FALSE,TRUE,FALSE,TRUE,FALSE,FALSE,FALSE,FALSE,TRUE,FALSE,FALSE,FALSE,FALSE,TRUE,FALSE,TRUE,FALSE,2,FALSE,2382,7.17256212347931,2405,0.74,4.4,-1,NA,FALSE,NA,0,0,0,FALSE,M,2,TRUE,FALSE,FALSE,FALSE,school1,FALSE,FALSE,1,0,0,0,0,0,0,0,0,0,0,0,-111.657473,40.25393661
2120247,49003,49049002801,716375,3,16,2,13,1,NA,NA,0,NA,NA,6,2120247,6,1,3,2441,TRUE,TRUE,FALSE,TRUE,FALSE,TRUE,FALSE,FALSE,FALSE,FALSE,TRUE,FALSE,FALSE,FALSE,FALSE,TRUE,FALSE,TRUE,FALSE,2,FALSE,2441,33.35,2394,1.65,7.98,-1,NA,FALSE,NA,0,0,0,FALSE,M,2,TRUE,FALSE,FALSE,FALSE,school1,FALSE,FALSE,1,0,0,0,0,0,0,0,0,0,0,0,-111.6875586,40.22559467
2083041,49003,49049002204,705205,6,8,2,6,1,NA,NA,0,NA,NA,NA,2083041,7,1,4,2412,FALSE,FALSE,FALSE,TRUE,FALSE,TRUE,FALSE,TRUE,FALSE,TRUE,TRUE,TRUE,TRUE,FALSE,FALSE,TRUE,TRUE,FALSE,FALSE,1,FALSE,2412,2.7432490243874725,2415,0.98,5.14,-1,NA,FALSE,NA,0,0,0,FALSE,M,3,TRUE,FALSE,TRUE,FALSE,school1,FALSE,FALSE,1,0,0,0,0,0,0,0,0,0,0,0,-111.6664854,40.24321992
1753760,49002,49049001001,606989,6,0,NA,NA,1,NA,NA,0,NA,NA,NA,1753760,8,1,4,2320,FALSE,FALSE,FALSE,TRUE,FALSE,TRUE,FALSE,TRUE,FALSE,TRUE,TRUE,FALSE,FALSE,FALSE,FALSE,TRUE,TRUE,FALSE,FALSE,1,FALSE,2320,4.178986298393667,2351,1.66,10.48,-1,NA,FALSE,NA,0,0,0,FALSE,M,5,TRUE,FALSE,FALSE,FALSE,school1,FALSE,FALSE,1,0,0,0,0,0,0,0,0,0,0,0,-111.7049291,40.29513148
2077323,49003,49049002102,703619,2,6,2,3,1,NA,NA,0,NA,NA,NA,2077323,7,1,4,2390,FALSE,FALSE,FALSE,TRUE,FALSE,FALSE,FALSE,FALSE,FALSE,FALSE,FALSE,FALSE,TRUE,FALSE,FALSE,TRUE,TRUE,FALSE,FALSE,1,FALSE,2390,2.996957578528039,2333,1.41,10.24,-1,NA,FALSE,NA,0,0,0,FALSE,M,1,TRUE,FALSE,FALSE,FALSE,school1,FALSE,FALSE,1,0,0,0,0,0,0,0,0,0,0,0,-111.6396697,40.2440955
2056225,49003,49049001802,696782,1,22,3,15,1,7070,4920,0,1,35,1,2056225,3,2,1,2378,FALSE,TRUE,TRUE,TRUE,FALSE,FALSE,FALSE,FALSE,FALSE,FALSE,TRUE,FALSE,TRUE,TRUE,FALSE,TRUE,FALSE,FALSE,TRUE,3,TRUE,2378,6.415723134233049,2370,0.99,7.04,2325,2.87,FALSE,4,15.13,99.67,0.83058333,FALSE,M,1,TRUE,FALSE,FALSE,FALSE,work_and_school,TRUE,TRUE,2,1,0,0,0,0,0,0,0,0,0,0,-111.6572362,40.26255895
2045247,49003,49049001801,693692,2,23,3,15,2,8290,3600,0,1,36,1,2045247,3,2,1,2369,FALSE,TRUE,TRUE,FALSE,TRUE,FALSE,FALSE,FALSE,FALSE,FALSE,TRUE,FALSE,TRUE,TRUE,FALSE,TRUE,FALSE,FALSE,TRUE,3,TRUE,2369,1.5874048926447324,2370,0.62,5.0699997,2370,0.62,FALSE,4,5.0699997,-4.3794,-0.036494996,FALSE,M,2,TRUE,FALSE,FALSE,FALSE,work1,FALSE,FALSE,1,1,0,0,0,0,0,0,0,0,0,0,-111.6709455,40.26625391
1756027,49002,49049001002,607767,1,24,1,NA,2,7580,50,0,1,40,1,1756027,1,3,1,2322,FALSE,TRUE,TRUE,FALSE,TRUE,FALSE,FALSE,FALSE,FALSE,FALSE,FALSE,FALSE,FALSE,FALSE,FALSE,FALSE,FALSE,FALSE,FALSE,0,TRUE,2322,11.849561575198557,-1,NA,0,2393,2.77,FALSE,4,15.33,-14.005,-0.11670833,TRUE,M,1,TRUE,FALSE,FALSE,FALSE,work1,FALSE,FALSE,1,1,0,0,0,0,0,0,0,0,0,0,-111.7247961,40.2871161
2119963,49003,49049002801,716323,1,57,1,NA,1,6970,840,0,2,40,1,2119963,1,3,1,2441,FALSE,TRUE,TRUE,TRUE,FALSE,FALSE,FALSE,FALSE,FALSE,TRUE,FALSE,TRUE,TRUE,FALSE,FALSE,FALSE,FALSE,FALSE,FALSE,0,TRUE,2441,9.445577790534479,-1,NA,0,2468,2.49,FALSE,3,14.15,-13.218599,-0.110154994,FALSE,M,1,TRUE,FALSE,FALSE,FALSE,work1,FALSE,FALSE,1,1,0,0,0,0,0,0,0,0,0,0,-111.6933785,40.22558085
2102508,49003,49049002400,710850,6,8,2,3,2,NA,NA,0,NA,NA,NA,2102508,7,1,4,2436,FALSE,FALSE,FALSE,FALSE,TRUE,TRUE,FALSE,FALSE,TRUE,TRUE,TRUE,FALSE,FALSE,FALSE,FALSE,TRUE,TRUE,FALSE,FALSE,1,FALSE,2436,5.27217412938394,2378,0.54,3.5,-1,NA,FALSE,NA,0,0,0,FALSE,M,7,TRUE,FALSE,FALSE,FALSE,school1,FALSE,FALSE,1,0,0,32,1,1,0,0,0,0,0,0,-111.688841,40.22979008
2114550,49003,49049002702,714644,2,26,3,15,1,7870,1010,0,1,10,1,2114550,3,2,2,2462,FALSE,TRUE,TRUE,TRUE,FALSE,FALSE,FALSE,FALSE,FALSE,FALSE,TRUE,FALSE,FALSE,TRUE,FALSE,TRUE,FALSE,FALSE,TRUE,3,TRUE,2462,2.4139880783274075,2370,2.42,13.389999,2362,3.08,FALSE,4,17.64,105.55999,0.87966657,FALSE,M,2,TRUE,FALSE,FALSE,FALSE,work_and_school,TRUE,TRUE,2,1,0,0,0,0,0,0,0,0,0,0,-111.6468526,40.23121421
1777268,49002,49049001202,614667,4,0,NA,NA,2,NA,NA,0,NA,NA,NA,1777268,8,1,4,2333,FALSE,FALSE,FALSE,FALSE,TRUE,FALSE,FALSE,TRUE,FALSE,FALSE,FALSE,TRUE,TRUE,FALSE,FALSE,TRUE,TRUE,FALSE,FALSE,1,FALSE,2333,15.777797795474294,2335,0.51,4,-1,NA,FALSE,NA,0,0,0,FALSE,N,2,TRUE,TRUE,FALSE,FALSE,NA,FALSE,FALSE,0,0,0,1,1,0,0,0,0,1,0,1,-111.6823258,40.29555376
2052773,49003,49049001801,695763,2,20,3,15,2,NA,NA,0,NA,NA,6,2052773,3,2,3,2375,FALSE,TRUE,TRUE,FALSE,TRUE,FALSE,FALSE,FALSE,FALSE,FALSE,TRUE,TRUE,TRUE,FALSE,FALSE,TRUE,FALSE,FALSE,TRUE,3,FALSE,2375,5.060892064353262,2370,0.53,4.02,-1,NA,FALSE,NA,0,0,0,FALSE,M,5,TRUE,FALSE,FALSE,FALSE,school1,FALSE,FALSE,1,0,0,0,0,0,0,0,0,0,0,0,-111.6692551,40.25561279
2017336,49003,49049001501,685258,2,52,1,NA,2,7870,2200,0,2,20,1,2017336,2,3,2,2347,FALSE,TRUE,TRUE,FALSE,TRUE,TRUE,FALSE,FALSE,FALSE,TRUE,TRUE,TRUE,TRUE,FALSE,FALSE,FALSE,FALSE,FALSE,FALSE,0,TRUE,2347,6.233302374348881,-1,NA,0,2442,4.52,FALSE,4,19.86,-18.7535,-0.15627916,FALSE,M,1,TRUE,FALSE,FALSE,FALSE,work2,FALSE,FALSE,2,2,0,0,0,0,0,0,0,0,0,0,-111.6918947,40.26976885
2051539,49003,49049001801,695447,1,23,3,15,1,7690,4840,0,1,30,1,2051539,3,2,1,2374,FALSE,TRUE,TRUE,TRUE,FALSE,FALSE,FALSE,FALSE,FALSE,FALSE,FALSE,TRUE,TRUE,TRUE,FALSE,TRUE,FALSE,FALSE,TRUE,3,TRUE,2374,3.0101871581049613,2370,0.6,4.1099997,2362,1.13,FALSE,4,7.0299997,-6.3854,-0.053211667,FALSE,M,1,TRUE,FALSE,FALSE,FALSE,work1,FALSE,FALSE,1,1,0,0,0,0,0,0,0,0,0,0,-111.6746145,40.25802511
2036934,49003,49049001701,691051,1,35,1,NA,2,8270,9140,0,1,NA,3,2036934,4,3,3,2367,FALSE,TRUE,TRUE,FALSE,TRUE,TRUE,FALSE,TRUE,TRUE,TRUE,FALSE,FALSE,FALSE,FALSE,FALSE,FALSE,FALSE,FALSE,FALSE,0,FALSE,2367,7.070100477352855,-1,NA,0,-1,NA,FALSE,NA,0,0,0,FALSE,N,5,TRUE,FALSE,TRUE,TRUE,NA,FALSE,FALSE,0,0,0,32,1,1,0,0,0,0,0,0,-111.648479,40.26748185
2068776,49003,49049002000,701126,4,24,2,15,1,7680,7130,0,1,40,6,2068776,3,2,1,2401,FALSE,TRUE,TRUE,TRUE,FALSE,FALSE,FALSE,FALSE,FALSE,TRUE,TRUE,FALSE,TRUE,TRUE,FALSE,TRUE,FALSE,FALSE,TRUE,3,TRUE,2401,11.69834910524996,2370,1.96,12.5,2436,1.03,FALSE,4,5.87,-5.1842,-0.043201666,FALSE,M,7,TRUE,FALSE,FALSE,FALSE,work_and_school,TRUE,TRUE,2,1,0,0,0,0,0,0,0,0,0,0,-111.6926909,40.25510075
2087851,49003,49049002205,706562,2,16,2,12,2,NA,NA,0,NA,NA,6,2087851,6,1,3,2417,TRUE,TRUE,FALSE,FALSE,TRUE,FALSE,FALSE,FALSE,FALSE,TRUE,TRUE,FALSE,FALSE,FALSE,FALSE,TRUE,FALSE,TRUE,FALSE,2,FALSE,2417,2.2124439334547277,2391,1.78,11.17,-1,NA,FALSE,NA,0,0,0,FALSE,M,3,TRUE,FALSE,FALSE,FALSE,school1,FALSE,FALSE,1,0,0,16,1,0,0,1,0,0,0,1,-111.6646464,40.24022102
2027601,49003,49049001504,688065,3,17,2,14,1,NA,NA,0,NA,NA,6,2027601,6,1,3,2365,TRUE,TRUE,FALSE,TRUE,FALSE,TRUE,TRUE,FALSE,TRUE,TRUE,FALSE,FALSE,FALSE,FALSE,FALSE,TRUE,FALSE,TRUE,FALSE,2,FALSE,2365,12.39972049044597,2352,1.22,6.51,-1,NA,FALSE,NA,0,0,0,FALSE,N,3,TRUE,FALSE,FALSE,FALSE,NA,FALSE,FALSE,0,0,0,2,1,0,0,0,0,0,1,1,-111.654663,40.27009459
2079450,49003,49049002102,704305,4,1,NA,NA,2,NA,NA,0,NA,NA,NA,2079450,8,1,4,2395,FALSE,FALSE,FALSE,FALSE,TRUE,TRUE,FALSE,TRUE,FALSE,FALSE,TRUE,FALSE,FALSE,FALSE,FALSE,TRUE,TRUE,FALSE,FALSE,1,FALSE,2395,16.508344307024892,2434,1.09,7.16,-1,NA,FALSE,NA,0,0,0,FALSE,M,2,TRUE,FALSE,FALSE,FALSE,school1,FALSE,FALSE,1,0,0,0,0,0,0,0,0,0,0,0,-111.6416421,40.23629863
2085425,49003,49049002205,705863,7,8,2,3,1,NA,NA,0,NA,NA,NA,2085425,7,1,4,2414,FALSE,FALSE,FALSE,TRUE,FALSE,TRUE,FALSE,TRUE,FALSE,TRUE,TRUE,TRUE,TRUE,FALSE,FALSE,TRUE,TRUE,FALSE,FALSE,1,FALSE,2414,1.921742119250141,2327,2.22,14.809999,-1,NA,FALSE,NA,0,0,0,FALSE,N,4,TRUE,TRUE,TRUE,FALSE,NA,FALSE,FALSE,0,0,0,4,1,0,1,0,0,0,0,1,-111.6871702,40.23806454
2089610,49003,49049002206,707122,5,14,2,10,1,NA,NA,0,NA,NA,NA,2089610,7,1,4,2421,FALSE,FALSE,FALSE,TRUE,FALSE,TRUE,FALSE,FALSE,TRUE,TRUE,TRUE,FALSE,TRUE,FALSE,FALSE,TRUE,TRUE,FALSE,FALSE,1,FALSE,2421,2.6392876290761675,2396,1.38,10.110001,-1,NA,FALSE,NA,0,0,0,FALSE,M,3,TRUE,FALSE,FALSE,FALSE,school1,FALSE,FALSE,1,0,0,0,0,0,0,0,0,0,0,0,-111.6591282,40.23580467
2073765,49003,49049002101,702572,6,20,3,14,2,8680,4020,0,1,15,6,2073765,3,2,2,2388,FALSE,TRUE,TRUE,FALSE,TRUE,TRUE,FALSE,TRUE,TRUE,TRUE,TRUE,TRUE,TRUE,TRUE,FALSE,TRUE,FALSE,FALSE,TRUE,3,TRUE,2388,10.016148648120122,2337,0.73,4.88,2362,0.86,FALSE,4,6.76,-6.1070004,-0.05089167,TRUE,M,6,TRUE,FALSE,TRUE,FALSE,work1,FALSE,FALSE,1,1,0,0,0,0,0,0,0,0,0,0,-111.6495836,40.24104099
2070676,49003,49049002000,701706,4,1,NA,NA,2,NA,NA,0,NA,NA,NA,2070676,8,1,4,2402,FALSE,FALSE,FALSE,FALSE,TRUE,TRUE,FALSE,TRUE,FALSE,FALSE,TRUE,FALSE,FALSE,FALSE,FALSE,TRUE,TRUE,FALSE,FALSE,1,FALSE,2402,1.2173136587839763,2402,0.16,0.96,-1,NA,FALSE,NA,0,0,0,FALSE,M,2,TRUE,FALSE,FALSE,FALSE,school1,FALSE,FALSE,1,0,0,0,0,0,0,0,0,0,0,0,-111.6850776,40.25583475
2111015,49003,49049002701,713609,3,16,2,12,1,NA,NA,0,NA,NA,6,2111015,6,1,3,2454,TRUE,TRUE,FALSE,TRUE,FALSE,TRUE,FALSE,TRUE,FALSE,TRUE,FALSE,TRUE,TRUE,FALSE,FALSE,TRUE,FALSE,TRUE,FALSE,2,FALSE,2454,1.894449793168605,2394,2.11,13.700001,-1,NA,FALSE,NA,0,0,0,FALSE,M,3,TRUE,FALSE,FALSE,FALSE,school1,FALSE,FALSE,1,0,0,0,0,0,0,0,0,0,0,0,-111.6707041,40.22266003
2050879,49003,49049001801,695120,3,19,3,15,2,8660,5300,0,1,NA,6,2050879,3,2,3,2374,TRUE,TRUE,TRUE,FALSE,TRUE,FALSE,FALSE,FALSE,FALSE,FALSE,TRUE,TRUE,TRUE,FALSE,FALSE,TRUE,FALSE,FALSE,TRUE,3,FALSE,2374,3.5248199625321828,2370,0.6,4.1099997,-1,NA,FALSE,NA,0,0,0,FALSE,M,1,TRUE,FALSE,FALSE,FALSE,school1,FALSE,FALSE,1,0,0,0,0,0,0,0,0,0,0,0,-111.6737427,40.25724197
2049766,49003,49049001801,694855,4,19,3,15,2,1280,8800,1,1,30,6,2049766,3,2,1,2374,TRUE,TRUE,TRUE,FALSE,TRUE,FALSE,FALSE,FALSE,FALSE,FALSE,TRUE,TRUE,TRUE,TRUE,FALSE,TRUE,FALSE,FALSE,TRUE,3,TRUE,2374,1.171574459481453,2370,0.6,4.1099997,2445,1.93,FALSE,4,11.200001,-10.447801,-0.087065004,FALSE,M,6,TRUE,FALSE,FALSE,FALSE,work1,FALSE,FALSE,1,1,0,0,0,0,0,0,0,0,0,0,-111.6737427,40.25724197
2052577,49003,49049001801,695730,4,19,3,15,2,1280,8800,1,1,30,6,2052577,3,2,1,2375,TRUE,TRUE,TRUE,FALSE,TRUE,FALSE,FALSE,FALSE,FALSE,FALSE,TRUE,TRUE,TRUE,TRUE,FALSE,TRUE,FALSE,FALSE,TRUE,3,TRUE,2375,1,2370,0.53,4.02,2355,1.9,FALSE,4,11.1,-10.408,-0.086733334,FALSE,M,4,TRUE,FALSE,FALSE,FALSE,work1,FALSE,FALSE,1,1,0,0,0,0,0,0,0,0,0,0,-111.668622,40.25556382
2084712,49003,49049002205,705746,2,56,2,16,2,7870,2200,0,1,25,1,2084712,3,2,2,2414,FALSE,TRUE,TRUE,FALSE,TRUE,FALSE,FALSE,FALSE,FALSE,TRUE,TRUE,TRUE,TRUE,TRUE,FALSE,TRUE,FALSE,FALSE,TRUE,3,TRUE,2414,2.9366959594538717,2312,2.8,19.32,2340,4.66,FALSE,4,25.26,-23.4104,-0.19508667,TRUE,N,6,TRUE,FALSE,FALSE,FALSE,NA,FALSE,FALSE,0,0,0,48,2,1,0,1,0,0,0,1,-111.6871702,40.23806454
2013386,49003,49049001402,684024,1,21,2,15,2,8370,5240,0,3,27,1,2013386,3,2,2,2360,FALSE,TRUE,TRUE,FALSE,TRUE,FALSE,FALSE,FALSE,FALSE,FALSE,TRUE,FALSE,TRUE,TRUE,FALSE,TRUE,FALSE,FALSE,TRUE,3,TRUE,2360,17.700607758873314,2370,1.61,9.15,2392,0.84,FALSE,4,5.06,28.539999,0.23783332,FALSE,M,1,TRUE,FALSE,FALSE,FALSE,work1,FALSE,FALSE,1,1,0,0,0,0,0,0,0,0,0,0,-111.6556472,40.28370121
2008986,49003,49049001402,682736,1,46,1,NA,2,NA,NA,0,NA,NA,6,2008986,4,3,3,2357,FALSE,TRUE,TRUE,FALSE,TRUE,TRUE,FALSE,FALSE,TRUE,FALSE,FALSE,FALSE,FALSE,FALSE,FALSE,FALSE,FALSE,FALSE,FALSE,0,FALSE,2357,7.266528523496488,-1,NA,0,-1,NA,FALSE,NA,0,0,0,FALSE,N,2,TRUE,FALSE,FALSE,FALSE,NA,FALSE,FALSE,0,0,0,16,1,0,0,1,0,0,0,1,-111.6352943,40.293307
2039928,49003,49049001701,692031,2,58,1,NA,1,3960,3640,0,1,45,1,2039928,1,3,1,2372,FALSE,TRUE,TRUE,TRUE,FALSE,FALSE,FALSE,TRUE,FALSE,FALSE,TRUE,FALSE,TRUE,FALSE,FALSE,FALSE,FALSE,FALSE,FALSE,0,TRUE,2372,3.7969932192869904,-1,NA,0,2084,18.46,FALSE,4,52.92,685.48,1,TRUE,N,1,TRUE,FALSE,FALSE,FALSE,NA,FALSE,FALSE,0,0,0,4,1,0,1,0,0,0,0,1,-111.6700431,40.25783464
2113471,49003,49049002702,714356,5,18,2,14,1,8590,7630,0,1,8,1,2113471,3,2,2,2462,TRUE,TRUE,TRUE,TRUE,FALSE,FALSE,FALSE,FALSE,TRUE,FALSE,TRUE,TRUE,TRUE,TRUE,FALSE,TRUE,FALSE,FALSE,TRUE,3,TRUE,2462,18.89972419937935,2370,2.42,13.389999,2355,3.79,FALSE,4,20.49,131.10999,1,TRUE,M,4,TRUE,FALSE,FALSE,FALSE,work1,FALSE,FALSE,1,1,0,0,0,0,0,0,0,0,0,0,-111.6497436,40.23061674
1777728,49002,49049001202,614771,4,4,2,1,2,NA,NA,0,NA,NA,NA,1777728,8,1,4,2333,FALSE,FALSE,FALSE,FALSE,TRUE,FALSE,FALSE,TRUE,FALSE,TRUE,TRUE,FALSE,TRUE,FALSE,FALSE,TRUE,TRUE,FALSE,FALSE,1,FALSE,2333,5.738931284749597,2352,2.53,17.43,-1,NA,FALSE,NA,0,0,0,FALSE,M,3,TRUE,FALSE,FALSE,FALSE,school1,FALSE,FALSE,1,0,0,0,0,0,0,0,0,0,0,0,-111.68441,40.29652012
2061455,49003,49049001900,698539,2,26,2,16,1,7870,2200,0,4,30,1,2061455,3,2,1,2394,FALSE,TRUE,TRUE,TRUE,FALSE,FALSE,FALSE,FALSE,FALSE,FALSE,TRUE,FALSE,FALSE,TRUE,FALSE,TRUE,FALSE,FALSE,TRUE,3,TRUE,2394,4.806601450528206,2370,0.77,5.37,2370,0.77,FALSE,4,5.37,-4.6688,-0.038906667,FALSE,N,2,TRUE,FALSE,FALSE,FALSE,NA,FALSE,FALSE,0,0,0,1,1,0,0,0,0,1,0,1,-111.6444946,40.23953065
2069468,49003,49049002000,701243,5,11,2,8,2,NA,NA,0,NA,NA,NA,2069468,7,1,4,2401,FALSE,FALSE,FALSE,FALSE,TRUE,TRUE,FALSE,TRUE,TRUE,TRUE,FALSE,FALSE,FALSE,FALSE,FALSE,TRUE,TRUE,FALSE,FALSE,1,FALSE,2401,3.5353172729867093,2374,1.62,9.02,-1,NA,FALSE,NA,0,0,0,FALSE,M,5,TRUE,FALSE,FALSE,FALSE,school1,FALSE,FALSE,1,0,0,0,0,0,0,0,0,0,0,0,-111.6930724,40.2578291
2122188,49003,49049002802,716952,6,2,NA,NA,1,NA,NA,0,NA,NA,NA,2122188,8,1,4,2456,FALSE,FALSE,FALSE,TRUE,FALSE,TRUE,FALSE,FALSE,TRUE,TRUE,FALSE,FALSE,FALSE,FALSE,FALSE,TRUE,TRUE,FALSE,FALSE,1,FALSE,2456,3.3053249921034364,2454,0.66,5.45,-1,NA,FALSE,NA,0,0,0,FALSE,M,4,TRUE,FALSE,FALSE,FALSE,school1,FALSE,FALSE,1,0,0,16,1,0,0,1,0,0,0,1,-111.6617019,40.22222183
2090163,49003,49049002206,707290,3,16,2,13,1,NA,NA,0,NA,NA,6,2090163,6,1,3,2422,TRUE,TRUE,FALSE,TRUE,FALSE,FALSE,TRUE,FALSE,FALSE,FALSE,TRUE,FALSE,FALSE,FALSE,FALSE,TRUE,FALSE,TRUE,FALSE,2,FALSE,2422,1.313958771436986,2394,2.03,12.32,-1,NA,FALSE,NA,0,0,0,FALSE,M,3,TRUE,FALSE,FALSE,FALSE,school1,FALSE,FALSE,1,0,0,4,2,0,2,0,0,0,0,2,-111.7161691,40.2563613
2079115,49003,49049002102,704142,2,21,3,15,2,6770,2430,0,3,10,6,2079115,3,2,2,2391,FALSE,TRUE,TRUE,FALSE,TRUE,FALSE,FALSE,FALSE,FALSE,FALSE,FALSE,TRUE,TRUE,TRUE,FALSE,TRUE,FALSE,FALSE,TRUE,3,TRUE,2391,2.4680942641904737,2370,1.5,9.99,2436,1.37,FALSE,4,8.99,-8.3218,-0.069348335,FALSE,M,1,TRUE,FALSE,FALSE,FALSE,work1,FALSE,FALSE,1,1,0,0,0,0,0,0,0,0,0,0,-111.6318849,40.24295976
2017035,49003,49049001501,685200,2,42,1,NA,2,7690,4220,0,6,6,1,2017035,2,3,2,2347,FALSE,TRUE,TRUE,FALSE,TRUE,FALSE,FALSE,TRUE,FALSE,FALSE,TRUE,TRUE,FALSE,FALSE,FALSE,FALSE,FALSE,FALSE,FALSE,0,TRUE,2347,21.068771214773378,-1,NA,0,2401,3.81,FALSE,4,19.4,-18.031,-0.15025833,FALSE,N,1,TRUE,FALSE,FALSE,FALSE,NA,FALSE,FALSE,0,0,0,1,1,0,0,0,0,1,0,1,-111.6885496,40.26875742
2115516,49003,49049002702,714963,2,48,1,NA,1,7870,2430,1,2,40,1,2115516,1,3,1,2468,FALSE,TRUE,TRUE,TRUE,FALSE,FALSE,TRUE,FALSE,FALSE,FALSE,TRUE,FALSE,TRUE,FALSE,FALSE,FALSE,FALSE,FALSE,FALSE,0,TRUE,2468,11.17214896814791,-1,NA,0,2421,4.31,FALSE,3,20.380001,-18.855001,-0.15712501,FALSE,M,1,TRUE,FALSE,FALSE,FALSE,work1,FALSE,FALSE,1,1,0,0,0,0,0,0,0,0,0,0,-111.6334459,40.22432125
2053828,49003,49049001801,696107,2,22,1,NA,2,7370,2600,0,6,30,1,2053828,1,3,1,2375,FALSE,TRUE,TRUE,FALSE,TRUE,FALSE,FALSE,FALSE,FALSE,FALSE,TRUE,FALSE,TRUE,FALSE,FALSE,FALSE,FALSE,FALSE,FALSE,0,TRUE,2375,37.567038436569106,-1,NA,0,2435,1.27,FALSE,4,8.030001,-7.368601,-0.061405007,FALSE,M,1,TRUE,FALSE,FALSE,FALSE,work1,FALSE,FALSE,1,1,0,0,0,0,0,0,0,0,0,0,-111.6670652,40.25587266
2076661,49003,49049002102,703488,4,15,2,11,2,NA,NA,0,NA,NA,NA,2076661,7,1,4,2390,FALSE,FALSE,FALSE,FALSE,TRUE,FALSE,FALSE,FALSE,TRUE,FALSE,TRUE,FALSE,FALSE,FALSE,FALSE,TRUE,FALSE,TRUE,FALSE,2,FALSE,2390,5.572453025961823,2319,2.99,17.29,-1,NA,FALSE,NA,0,0,0,FALSE,M,3,TRUE,FALSE,FALSE,FALSE,school1,FALSE,FALSE,1,0,0,0,0,0,0,0,0,0,0,0,-111.6410754,40.24392069
1777419,49002,49049001202,614705,3,3,1,NA,1,NA,NA,0,NA,NA,NA,1777419,8,1,4,2333,FALSE,FALSE,FALSE,TRUE,FALSE,FALSE,FALSE,FALSE,FALSE,TRUE,TRUE,TRUE,FALSE,FALSE,FALSE,TRUE,TRUE,FALSE,FALSE,1,FALSE,2333,0.8489103858920581,2365,2.19,14.99,-1,NA,FALSE,NA,0,0,0,FALSE,M,3,TRUE,FALSE,FALSE,FALSE,school1,FALSE,FALSE,1,0,0,0,0,0,0,0,0,0,0,0,-111.6822422,40.29639878
1740304,49002,49049000901,602716,2,20,2,15,2,8680,4030,0,1,30,6,1740304,3,2,1,2296,FALSE,TRUE,TRUE,FALSE,TRUE,FALSE,FALSE,FALSE,FALSE,FALSE,TRUE,FALSE,TRUE,TRUE,FALSE,TRUE,FALSE,FALSE,TRUE,3,TRUE,2296,3.0634542578989445,2312,2.4,16.650002,2282,1.13,FALSE,4,8.16,-7.2408,-0.06034,FALSE,M,2,TRUE,FALSE,FALSE,FALSE,work1,FALSE,FALSE,1,1,0,0,0,0,0,0,0,0,0,0,-111.7146459,40.30156356
1781726,49002,49049001202,616102,3,27,1,NA,1,4870,4700,0,1,45,1,1781726,1,3,1,2335,FALSE,TRUE,TRUE,TRUE,FALSE,FALSE,FALSE,FALSE,FALSE,FALSE,TRUE,FALSE,FALSE,FALSE,FALSE,FALSE,FALSE,FALSE,FALSE,0,TRUE,2335,4.456353995886205,-1,NA,0,2370,2.13,FALSE,4,12.110001,-10.8428,-0.09035667,TRUE,M,3,TRUE,FALSE,FALSE,FALSE,work1,FALSE,FALSE,1,1,0,0,0,0,0,0,0,0,0,0,-111.6859027,40.28540055
2012899,49003,49049001402,683892,1,41,1,NA,1,7870,2200,0,2,50,1,2012899,1,3,1,2360,FALSE,TRUE,TRUE,TRUE,FALSE,FALSE,FALSE,FALSE,TRUE,TRUE,FALSE,TRUE,FALSE,FALSE,FALSE,FALSE,FALSE,FALSE,FALSE,0,TRUE,2360,5.554726022691879,-1,NA,0,2436,2.01,FALSE,4,9.91,70.490005,0.5874167,FALSE,M,1,TRUE,FALSE,FALSE,TRUE,work1,FALSE,FALSE,1,1,0,0,0,0,0,0,0,0,0,0,-111.6578876,40.28449636
2065812,49003,49049002000,700310,7,77,1,NA,2,NA,NA,1,NA,NA,6,2065812,5,3,3,2396,FALSE,TRUE,TRUE,FALSE,TRUE,FALSE,TRUE,FALSE,FALSE,FALSE,TRUE,FALSE,TRUE,FALSE,FALSE,FALSE,FALSE,FALSE,FALSE,0,FALSE,2396,7.330062814351646,-1,NA,0,-1,NA,FALSE,NA,0,0,0,FALSE,N,5,TRUE,FALSE,FALSE,FALSE,NA,FALSE,FALSE,0,0,0,16,1,0,0,1,0,0,0,1,-111.6554115,40.23623598
2045014,49003,49049001801,693617,5,18,2,14,2,6880,5160,1,1,30,1,2045014,3,2,1,2369,TRUE,TRUE,TRUE,FALSE,TRUE,FALSE,FALSE,FALSE,FALSE,FALSE,TRUE,TRUE,TRUE,TRUE,FALSE,TRUE,FALSE,FALSE,TRUE,3,TRUE,2369,1,2370,0.62,5.0699997,2370,0.62,FALSE,4,5.0699997,-4.3794,-0.036494996,FALSE,M,6,TRUE,FALSE,FALSE,FALSE,work1,FALSE,FALSE,1,1,0,0,0,0,0,0,0,0,0,0,-111.670661,40.26701198
2012765,49003,49049001402,683868,4,15,2,11,1,NA,NA,0,NA,NA,NA,2012765,7,1,4,2360,FALSE,FALSE,FALSE,TRUE,FALSE,FALSE,FALSE,FALSE,TRUE,TRUE,TRUE,FALSE,FALSE,FALSE,FALSE,TRUE,FALSE,TRUE,FALSE,2,FALSE,2360,33.35,2394,1.1,5.76,-1,NA,FALSE,NA,0,0,0,FALSE,M,4,TRUE,FALSE,FALSE,FALSE,school1,FALSE,FALSE,1,0,0,0,0,0,0,0,0,0,0,0,-111.6567464,40.28541494
1782178,49002,49049001202,616294,2,23,3,15,1,8590,2720,0,6,10,6,1782178,3,2,2,2335,FALSE,TRUE,TRUE,TRUE,FALSE,FALSE,FALSE,FALSE,FALSE,FALSE,TRUE,FALSE,FALSE,TRUE,FALSE,TRUE,FALSE,FALSE,TRUE,3,TRUE,2335,2.5295032184636197,2337,0.37,3.36,2343,3.22,FALSE,3,18.98,109.82001,0.91516674,FALSE,N,2,TRUE,FALSE,FALSE,FALSE,NA,FALSE,FALSE,0,0,0,4,1,0,1,0,0,0,0,1,-111.6882283,40.28900476
2103757,49003,49049002500,711334,7,52,1,NA,2,NA,NA,0,NA,NA,6,2103757,4,3,3,2447,FALSE,TRUE,TRUE,FALSE,TRUE,TRUE,FALSE,TRUE,TRUE,TRUE,FALSE,FALSE,FALSE,FALSE,FALSE,FALSE,FALSE,FALSE,FALSE,0,FALSE,2447,2.341973354110141,-1,NA,0,-1,NA,FALSE,NA,0,0,0,FALSE,N,8,TRUE,FALSE,FALSE,FALSE,NA,FALSE,FALSE,0,0,1,16,1,0,0,1,0,0,0,1,-111.6755969,40.22628027
2099197,49003,49049002300,709662,2,29,1,NA,2,7870,2000,0,4,NA,6,2099197,4,3,3,2434,FALSE,TRUE,TRUE,FALSE,TRUE,FALSE,FALSE,FALSE,FALSE,FALSE,FALSE,TRUE,TRUE,FALSE,FALSE,FALSE,FALSE,FALSE,FALSE,0,FALSE,2434,8.30352821835827,-1,NA,0,-1,NA,FALSE,NA,0,0,0,FALSE,N,2,TRUE,FALSE,FALSE,FALSE,NA,FALSE,FALSE,0,0,0,16,1,0,0,1,0,0,0,1,-111.7038436,40.23319463
1772342,49002,49049001108,613075,1,24,1,NA,1,7870,2720,0,4,40,1,1772342,1,3,1,2314,FALSE,TRUE,TRUE,TRUE,FALSE,FALSE,FALSE,FALSE,FALSE,FALSE,FALSE,FALSE,FALSE,FALSE,FALSE,FALSE,FALSE,FALSE,FALSE,0,TRUE,2314,8.896376007864191,-1,NA,0,2296,2.05,FALSE,4,12.059999,69.94,0.58283335,TRUE,M,1,TRUE,FALSE,FALSE,FALSE,work1,FALSE,FALSE,1,1,0,0,0,0,0,0,0,0,0,0,-111.6965259,40.30384997
2098795,49003,49049002300,709518,11,16,2,13,2,8660,4120,0,1,NA,6,2098795,6,1,3,2434,TRUE,TRUE,FALSE,FALSE,TRUE,TRUE,FALSE,TRUE,TRUE,TRUE,TRUE,TRUE,TRUE,FALSE,FALSE,TRUE,FALSE,TRUE,FALSE,2,FALSE,2434,5.815913133147413,2394,1.22,7.24,-1,NA,FALSE,NA,0,0,0,FALSE,M,4,TRUE,FALSE,TRUE,FALSE,school1,FALSE,FALSE,1,0,0,0,0,0,0,0,0,0,0,0,-111.703584,40.2268303
1782700,49002,49049001300,616543,2,25,1,NA,2,7870,136,1,4,50,1,1782700,1,3,1,2324,FALSE,TRUE,TRUE,FALSE,TRUE,FALSE,FALSE,FALSE,FALSE,FALSE,TRUE,TRUE,FALSE,FALSE,FALSE,FALSE,FALSE,FALSE,FALSE,0,TRUE,2324,9.385966699422918,-1,NA,0,2370,2.74,FALSE,4,15.76,-14.6758,-0.12229834,FALSE,M,2,TRUE,FALSE,FALSE,FALSE,work1,FALSE,FALSE,1,1,0,0,0,0,0,0,0,0,0,0,-111.6992575,40.28753246
2112336,49003,49049002702,713959,1,37,1,NA,2,NA,NA,0,NA,NA,6,2112336,4,3,3,2461,FALSE,TRUE,TRUE,FALSE,TRUE,FALSE,FALSE,TRUE,TRUE,TRUE,FALSE,TRUE,TRUE,FALSE,FALSE,FALSE,FALSE,FALSE,FALSE,0,FALSE,2461,21.602641025626582,-1,NA,0,-1,NA,FALSE,NA,0,0,0,FALSE,N,6,TRUE,FALSE,FALSE,FALSE,NA,FALSE,FALSE,0,0,0,32,1,1,0,0,0,0,0,0,-111.6519811,40.23008017
2113846,49003,49049002702,714438,3,47,1,NA,2,7580,9620,0,1,37,3,2113846,1,3,1,2462,FALSE,TRUE,TRUE,FALSE,TRUE,FALSE,FALSE,FALSE,FALSE,TRUE,TRUE,FALSE,FALSE,FALSE,FALSE,FALSE,FALSE,FALSE,FALSE,0,TRUE,2462,28.839076395052043,-1,NA,0,2469,1.99,FALSE,3,9.62,69.979996,0.58316666,FALSE,M,5,TRUE,FALSE,FALSE,FALSE,work1,FALSE,FALSE,1,1,0,0,0,0,0,0,0,0,0,0,-111.6492018,40.22988137
2103814,49003,49049002500,711341,8,46,1,NA,1,5380,4220,0,1,NA,3,2103814,4,3,3,2447,FALSE,TRUE,TRUE,TRUE,FALSE,TRUE,FALSE,TRUE,TRUE,TRUE,FALSE,FALSE,FALSE,FALSE,FALSE,FALSE,FALSE,FALSE,FALSE,0,FALSE,2447,1.7584199611250615,-1,NA,0,-1,NA,FALSE,NA,0,0,0,FALSE,N,8,TRUE,FALSE,FALSE,FALSE,NA,FALSE,FALSE,0,0,0,16,1,0,0,1,0,0,0,1,-111.6758136,40.22773915
2033991,49003,49049001603,690107,4,2,NA,NA,1,NA,NA,0,NA,NA,NA,2033991,8,1,4,2366,FALSE,FALSE,FALSE,TRUE,FALSE,FALSE,FALSE,FALSE,FALSE,FALSE,TRUE,FALSE,TRUE,FALSE,FALSE,TRUE,TRUE,FALSE,FALSE,1,FALSE,2366,7.271682037011421,2358,1.54,7.96,-1,NA,FALSE,NA,0,0,0,FALSE,M,3,TRUE,FALSE,FALSE,FALSE,school1,FALSE,FALSE,1,0,0,0,0,0,0,0,0,0,0,0,-111.6472375,40.27099512
2036337,49003,49049001701,690954,1,71,1,NA,2,NA,NA,1,NA,NA,6,2036337,5,3,3,2367,FALSE,TRUE,TRUE,FALSE,TRUE,FALSE,TRUE,TRUE,FALSE,FALSE,FALSE,TRUE,TRUE,FALSE,FALSE,FALSE,FALSE,FALSE,FALSE,0,FALSE,2367,2.9057603681780355,-1,NA,0,-1,NA,FALSE,NA,0,0,0,FALSE,N,3,TRUE,FALSE,FALSE,FALSE,NA,FALSE,FALSE,0,0,0,1,1,0,0,0,0,1,0,1,-111.6499424,40.26608278
2063618,49003,49049001900,699420,2,3,1,NA,2,NA,NA,0,NA,NA,NA,2063618,8,1,4,2403,FALSE,FALSE,FALSE,FALSE,TRUE,FALSE,FALSE,FALSE,FALSE,FALSE,TRUE,FALSE,FALSE,FALSE,FALSE,TRUE,TRUE,FALSE,FALSE,1,FALSE,2403,7.36803102613926,2454,1.92,11.84,-1,NA,FALSE,NA,0,0,0,FALSE,M,3,TRUE,FALSE,FALSE,FALSE,school1,FALSE,FALSE,1,0,0,0,0,0,0,0,0,0,0,0,-111.6923879,40.2462494
2083938,49003,49049002204,705537,3,13,2,9,1,NA,NA,1,NA,NA,NA,2083938,7,1,4,2413,FALSE,FALSE,FALSE,TRUE,FALSE,TRUE,FALSE,TRUE,FALSE,FALSE,TRUE,FALSE,TRUE,FALSE,FALSE,TRUE,TRUE,FALSE,FALSE,1,FALSE,2413,0.9961831523126815,2409,0.63,5.28,-1,NA,FALSE,NA,0,0,0,FALSE,M,3,TRUE,FALSE,TRUE,FALSE,school1,FALSE,FALSE,1,0,0,0,0,0,0,0,0,0,0,0,-111.6597128,40.24060269
2091256,49003,49049002206,707501,1,37,1,NA,2,NA,NA,0,NA,NA,6,2091256,4,3,3,2422,FALSE,TRUE,TRUE,FALSE,TRUE,FALSE,FALSE,TRUE,TRUE,TRUE,FALSE,TRUE,TRUE,FALSE,FALSE,FALSE,FALSE,FALSE,FALSE,0,FALSE,2422,12.147529500410037,-1,NA,0,-1,NA,FALSE,NA,0,0,0,FALSE,N,5,TRUE,FALSE,TRUE,FALSE,NA,FALSE,FALSE,0,0,0,16,1,0,0,1,0,0,0,1,-111.7113901,40.25664106
2065607,49003,49049002000,700226,1,23,1,NA,2,6290,5240,0,1,39,1,2065607,1,3,1,2392,FALSE,TRUE,TRUE,FALSE,TRUE,TRUE,FALSE,FALSE,FALSE,FALSE,FALSE,FALSE,FALSE,FALSE,FALSE,FALSE,FALSE,FALSE,FALSE,0,TRUE,2392,8.980186673825047,-1,NA,0,2393,0.24,FALSE,4,1.74,-1.1919999,-0.009933333,FALSE,M,1,TRUE,FALSE,FALSE,FALSE,work1,FALSE,FALSE,1,1,0,0,0,0,0,0,0,0,0,0,-111.6576009,40.23755739
1774506,49002,49049001201,613787,2,52,1,NA,2,7860,2540,0,2,20,1,1774506,2,3,2,2331,FALSE,TRUE,TRUE,FALSE,TRUE,FALSE,FALSE,FALSE,TRUE,FALSE,TRUE,FALSE,TRUE,FALSE,FALSE,FALSE,FALSE,FALSE,FALSE,0,TRUE,2331,10.108062429580556,-1,NA,0,2336,1.37,FALSE,4,9.92,-9.066,-0.07555,FALSE,M,2,TRUE,FALSE,FALSE,FALSE,work1,FALSE,FALSE,1,1,0,1,1,0,0,0,0,1,0,1,-111.6917678,40.27497669
2076305,49003,49049002101,703333,1,46,1,NA,1,7870,120,0,1,64,1,2076305,1,3,1,2389,FALSE,TRUE,TRUE,TRUE,FALSE,FALSE,FALSE,FALSE,FALSE,FALSE,TRUE,FALSE,FALSE,FALSE,FALSE,FALSE,FALSE,FALSE,FALSE,0,TRUE,2389,7.899413176161207,-1,NA,0,2407,1.95,FALSE,4,10.24,-9.4356,-0.07863,TRUE,M,2,TRUE,FALSE,FALSE,FALSE,work1,FALSE,FALSE,1,1,0,0,0,0,0,0,0,0,0,0,-111.6434145,40.24154754
2026825,49003,49049001504,687795,1,24,1,NA,2,NA,NA,0,NA,NA,6,2026825,4,3,3,2354,FALSE,TRUE,TRUE,FALSE,TRUE,FALSE,FALSE,TRUE,FALSE,FALSE,TRUE,FALSE,TRUE,FALSE,FALSE,FALSE,FALSE,FALSE,FALSE,0,FALSE,2354,6.156676672914388,-1,NA,0,-1,NA,FALSE,NA,0,0,0,FALSE,N,2,TRUE,FALSE,FALSE,FALSE,NA,FALSE,FALSE,0,0,0,32,1,1,0,0,0,0,0,0,-111.6621906,40.30260335
2102389,49003,49049002400,710803,2,16,3,13,1,NA,NA,0,NA,NA,6,2102389,6,1,3,2407,TRUE,TRUE,FALSE,TRUE,FALSE,FALSE,FALSE,FALSE,FALSE,TRUE,TRUE,FALSE,TRUE,FALSE,FALSE,TRUE,FALSE,TRUE,FALSE,2,FALSE,2407,6.107568925274352,2394,0.85,4.58,-1,NA,FALSE,NA,0,0,0,FALSE,M,2,TRUE,FALSE,FALSE,FALSE,school1,FALSE,FALSE,1,0,0,0,0,0,0,0,0,0,0,0,-111.6659271,40.24480121
1787334,49002,49049001300,618193,1,57,1,NA,2,NA,NA,0,NA,NA,6,1787334,4,3,3,2337,FALSE,TRUE,TRUE,FALSE,TRUE,TRUE,FALSE,FALSE,FALSE,FALSE,FALSE,FALSE,FALSE,FALSE,FALSE,FALSE,FALSE,FALSE,FALSE,0,FALSE,2337,2.061858869315726,-1,NA,0,-1,NA,FALSE,NA,0,0,0,FALSE,N,1,TRUE,FALSE,FALSE,FALSE,NA,FALSE,FALSE,0,0,0,16,1,0,0,1,0,0,0,1,-111.6750124,40.28348454
2071827,49003,49049002000,702031,1,27,2,15,2,2890,5860,0,2,NA,6,2071827,3,2,3,2405,FALSE,TRUE,TRUE,FALSE,TRUE,FALSE,FALSE,FALSE,FALSE,TRUE,FALSE,FALSE,TRUE,FALSE,FALSE,TRUE,FALSE,FALSE,TRUE,3,FALSE,2405,2.4622797880166685,2370,1.7,11.08,-1,NA,FALSE,NA,0,0,0,FALSE,M,3,TRUE,FALSE,FALSE,FALSE,school1,FALSE,FALSE,1,0,0,0,0,0,0,0,0,0,0,0,-111.6731356,40.2514345
2050767,49003,49049001801,695083,2,51,1,NA,1,2280,140,0,1,NA,6,2050767,4,3,3,2374,FALSE,TRUE,TRUE,TRUE,FALSE,TRUE,FALSE,FALSE,TRUE,FALSE,FALSE,FALSE,FALSE,FALSE,FALSE,FALSE,FALSE,FALSE,FALSE,0,FALSE,2374,4.642554889393423,-1,NA,0,-1,NA,FALSE,NA,0,0,0,FALSE,N,3,TRUE,FALSE,FALSE,FALSE,NA,FALSE,FALSE,0,0,0,8,1,0,0,0,1,0,0,1,-111.6779341,40.26008163
2106392,49003,49049002500,712169,6,2,NA,NA,1,NA,NA,0,NA,NA,NA,2106392,8,1,4,2451,FALSE,FALSE,FALSE,TRUE,FALSE,TRUE,FALSE,FALSE,TRUE,TRUE,FALSE,FALSE,FALSE,FALSE,FALSE,TRUE,TRUE,FALSE,FALSE,1,FALSE,2451,9.238280536605286,2370,1.63,9.2,-1,NA,FALSE,NA,0,0,0,FALSE,M,4,TRUE,FALSE,FALSE,FALSE,school1,FALSE,FALSE,1,0,0,0,0,0,0,0,0,0,0,0,-111.6722298,40.22955207
2108898,49003,49049002701,712922,1,83,1,NA,1,NA,NA,0,NA,NA,6,2108898,5,3,3,2449,FALSE,TRUE,TRUE,TRUE,FALSE,FALSE,TRUE,FALSE,FALSE,FALSE,FALSE,FALSE,FALSE,FALSE,FALSE,FALSE,FALSE,FALSE,FALSE,0,FALSE,2449,5.6995693574790085,-1,NA,0,-1,NA,FALSE,NA,0,0,0,FALSE,N,1,TRUE,FALSE,FALSE,FALSE,NA,FALSE,FALSE,0,0,0,1,1,0,0,0,0,1,0,1,-111.6643558,40.23030278
2105162,49003,49049002500,711822,3,27,1,NA,2,7860,2310,0,3,40,1,2105162,1,3,1,2450,FALSE,TRUE,TRUE,FALSE,TRUE,TRUE,FALSE,FALSE,FALSE,FALSE,TRUE,FALSE,FALSE,FALSE,FALSE,FALSE,FALSE,FALSE,FALSE,0,TRUE,2450,8.06556560848571,-1,NA,0,2370,1.69,FALSE,4,10.46,-9.7178,-0.080981664,TRUE,M,1,TRUE,FALSE,FALSE,FALSE,work1,FALSE,FALSE,1,1,0,0,0,0,0,0,0,0,0,0,-111.6614092,40.23131807
2122288,49003,49049002802,716975,2,23,1,NA,2,8590,4430,0,1,25,6,2122288,2,3,2,2456,FALSE,TRUE,TRUE,FALSE,TRUE,FALSE,FALSE,TRUE,FALSE,FALSE,TRUE,FALSE,FALSE,FALSE,FALSE,FALSE,FALSE,FALSE,FALSE,0,TRUE,2456,1.5510066742797644,-1,NA,0,2469,2.45,FALSE,3,12.059999,-10.8102,-0.090085,FALSE,M,1,TRUE,FALSE,FALSE,FALSE,work1,FALSE,FALSE,1,1,0,0,0,0,0,0,0,0,0,0,-111.6612904,40.22264834
2087202,49003,49049002205,706441,5,2,NA,NA,1,NA,NA,0,NA,NA,NA,2087202,8,1,4,2417,FALSE,FALSE,FALSE,TRUE,FALSE,TRUE,FALSE,TRUE,FALSE,FALSE,TRUE,FALSE,FALSE,FALSE,FALSE,TRUE,TRUE,FALSE,FALSE,1,FALSE,2417,0.667,2422,0.82,4.94,-1,NA,FALSE,NA,0,0,0,FALSE,M,2,TRUE,FALSE,FALSE,FALSE,school1,FALSE,FALSE,1,0,0,0,0,0,0,0,0,0,0,0,-111.6654128,40.23835466
2049111,49003,49049001801,694746,3,19,2,15,2,9920,9920,1,9,NA,3,2049111,3,2,3,2374,TRUE,TRUE,TRUE,FALSE,TRUE,FALSE,FALSE,FALSE,FALSE,FALSE,TRUE,TRUE,TRUE,FALSE,FALSE,TRUE,FALSE,FALSE,TRUE,3,FALSE,2374,7.393007587562781,2370,0.6,4.1099997,-1,NA,FALSE,NA,0,0,0,FALSE,M,3,TRUE,FALSE,FALSE,FALSE,school1,FALSE,FALSE,1,0,0,0,0,0,0,0,0,0,0,0,-111.6743131,40.25689062
1787214,49002,49049001300,618139,3,4,1,NA,2,NA,NA,0,NA,NA,NA,1787214,8,1,4,2337,FALSE,FALSE,FALSE,FALSE,TRUE,FALSE,FALSE,FALSE,FALSE,FALSE,FALSE,TRUE,TRUE,FALSE,FALSE,TRUE,TRUE,FALSE,FALSE,1,FALSE,2337,7.198996930887691,2309,2.14,12.78,-1,NA,FALSE,NA,0,0,0,FALSE,N,1,TRUE,TRUE,FALSE,FALSE,NA,FALSE,FALSE,0,0,0,16,1,0,0,1,0,0,0,1,-111.67048,40.28317151
1779918,49002,49049001202,615557,6,0,NA,NA,1,NA,NA,0,NA,NA,NA,1779918,8,1,4,2334,FALSE,FALSE,FALSE,TRUE,FALSE,TRUE,FALSE,TRUE,FALSE,TRUE,TRUE,FALSE,FALSE,FALSE,FALSE,TRUE,TRUE,FALSE,FALSE,1,FALSE,2334,2.9139254929268206,2406,2.46,14.14,-1,NA,FALSE,NA,0,0,0,FALSE,M,5,TRUE,FALSE,FALSE,FALSE,school1,FALSE,FALSE,1,0,0,0,0,0,0,0,0,0,0,0,-111.6761423,40.29393822
2107825,49003,49049002500,712655,1,21,2,15,2,7290,1540,0,1,35,1,2107825,3,2,1,2452,FALSE,TRUE,TRUE,FALSE,TRUE,FALSE,FALSE,FALSE,FALSE,FALSE,FALSE,FALSE,FALSE,TRUE,FALSE,TRUE,FALSE,FALSE,TRUE,3,TRUE,2452,11.918569784034396,2370,1.6,8.29,2446,0.72,FALSE,4,4.86,-4.318,-0.03598333,TRUE,M,1,TRUE,FALSE,FALSE,FALSE,work_and_school,TRUE,TRUE,2,1,0,0,0,0,0,0,0,0,0,0,-111.6645669,40.22859601
1741707,49002,49049000901,603027,3,49,1,NA,2,NA,NA,0,NA,NA,6,1741707,4,3,3,2296,FALSE,TRUE,TRUE,FALSE,TRUE,FALSE,FALSE,FALSE,TRUE,FALSE,FALSE,TRUE,TRUE,FALSE,FALSE,FALSE,FALSE,FALSE,FALSE,0,FALSE,2296,23.699320982362433,-1,NA,0,-1,NA,FALSE,NA,0,0,0,FALSE,N,3,TRUE,FALSE,FALSE,FALSE,NA,FALSE,FALSE,0,0,0,8,1,0,0,0,1,0,0,1,-111.7066038,40.29777457
1773280,49002,49049001201,613305,3,21,1,NA,2,NA,NA,1,NA,NA,6,1773280,4,3,3,2327,FALSE,TRUE,TRUE,FALSE,TRUE,TRUE,FALSE,FALSE,FALSE,FALSE,TRUE,FALSE,FALSE,FALSE,FALSE,FALSE,FALSE,FALSE,FALSE,0,FALSE,2327,7.293564535235521,-1,NA,0,-1,NA,FALSE,NA,0,0,0,FALSE,N,2,TRUE,FALSE,FALSE,FALSE,NA,FALSE,FALSE,0,0,0,32,1,1,0,0,0,0,0,0,-111.6962169,40.28164227
2048788,49003,49049001801,694692,4,19,3,15,2,1280,8800,1,1,30,6,2048788,3,2,1,2374,TRUE,TRUE,TRUE,FALSE,TRUE,FALSE,FALSE,FALSE,FALSE,FALSE,TRUE,TRUE,TRUE,TRUE,FALSE,TRUE,FALSE,FALSE,TRUE,3,TRUE,2374,6.981914755834036,2370,0.6,4.1099997,2392,1.14,FALSE,4,6.29,-5.4992,-0.045826666,FALSE,M,4,TRUE,FALSE,FALSE,FALSE,work1,FALSE,FALSE,1,1,0,0,0,0,0,0,0,0,0,0,-111.6743918,40.25760171
2012477,49003,49049001402,683812,1,36,1,NA,2,NA,NA,0,NA,NA,6,2012477,4,3,3,2360,FALSE,TRUE,TRUE,FALSE,TRUE,FALSE,FALSE,FALSE,TRUE,TRUE,TRUE,TRUE,FALSE,FALSE,FALSE,FALSE,FALSE,FALSE,FALSE,0,FALSE,2360,2.504919000944107,-1,NA,0,-1,NA,FALSE,NA,0,0,0,FALSE,N,4,TRUE,FALSE,FALSE,FALSE,NA,FALSE,FALSE,0,0,0,32,1,1,0,0,0,0,0,0,-111.6552159,40.28406168
2061126,49003,49049001900,698433,4,14,2,11,1,NA,NA,0,NA,NA,NA,2061126,7,1,4,2394,FALSE,FALSE,FALSE,TRUE,FALSE,FALSE,FALSE,FALSE,TRUE,TRUE,TRUE,TRUE,FALSE,FALSE,FALSE,TRUE,TRUE,FALSE,FALSE,1,FALSE,2394,1.7370078327613137,2374,0.69,4.5,-1,NA,FALSE,NA,0,0,0,FALSE,N,4,TRUE,TRUE,FALSE,FALSE,NA,FALSE,FALSE,0,0,0,32,1,1,0,0,0,0,0,0,-111.6440206,40.24113262
2023531,49003,49049001503,687017,1,61,1,NA,2,9470,3710,0,4,NA,6,2023531,4,3,3,2352,FALSE,TRUE,TRUE,FALSE,TRUE,FALSE,TRUE,FALSE,FALSE,FALSE,FALSE,FALSE,FALSE,FALSE,FALSE,FALSE,FALSE,FALSE,FALSE,0,FALSE,2352,4.343650704401822,-1,NA,0,-1,NA,FALSE,NA,0,0,0,FALSE,N,1,TRUE,FALSE,FALSE,FALSE,NA,FALSE,FALSE,0,0,0,16,1,0,0,1,0,0,0,1,-111.6586049,40.30574483
2005269,49003,49049001401,681760,1,71,1,NA,2,NA,NA,1,NA,NA,6,2005269,5,3,3,2344,FALSE,TRUE,TRUE,FALSE,TRUE,FALSE,TRUE,TRUE,FALSE,FALSE,FALSE,TRUE,TRUE,FALSE,FALSE,FALSE,FALSE,FALSE,FALSE,0,FALSE,2344,3.437788189394298,-1,NA,0,-1,NA,FALSE,NA,0,0,0,FALSE,N,3,TRUE,FALSE,FALSE,FALSE,NA,FALSE,FALSE,0,0,0,1,1,0,0,0,0,1,0,1,-111.6935546,40.2724824
